<?xml version="1.0" encoding="UTF-8"?>
<project-private xmlns="http://www.netbeans.org/ns/project-private/1">
    <editor-bookmarks xmlns="http://www.netbeans.org/ns/editor-bookmarks/2" lastBookmarkId="0"/>
    <open-files xmlns="http://www.netbeans.org/ns/projectui-open-files/2">
        <group>
            <file>file:/Users/david/OneDrive/Documents/Packt/Mastering%20NetBeans/Code/Chapter9/CustomerRestService/src/java/com/davidsalter/masteringnb/rest/Customer.java</file>
            <file>file:/Users/david/OneDrive/Documents/Packt/Mastering%20NetBeans/Code/Chapter9/CustomerRestService/src/java/com/davidsalter/masteringnb/rest/service/CustomerFacadeREST.java</file>
            <file>file:/Users/david/OneDrive/Documents/Packt/Mastering%20NetBeans/Code/Chapter9/CustomerRestService/web/index.html</file>
        </group>
    </open-files>
</project-private>
