<?xml version="1.0" encoding="UTF-8"?>
<project xmlns="http://maven.apache.org/POM/4.0.0" xmlns:xsi="http://www.w3.org/2001/XMLSchema-instance" xsi:schemaLocation="http://maven.apache.org/POM/4.0.0 http://maven.apache.org/xsd/maven-4.0.0.xsd">
    <modelVersion>4.0.0</modelVersion>

    <groupId>com.davidsalter</groupId>
    <artifactId>kb</artifactId>
    <version>1.0-SNAPSHOT</version>
    <packaging>war</packaging>

    <name>kb</name>

    <properties>
        <endorsed.dir>${project.build.directory}/endorsed</endorsed.dir>
        <project.build.sourceEncoding>UTF-8</project.build.sourceEncoding>
        <junit.version>4.11</junit.version>
        <arquillian.version>1.1.5.Final</arquillian.version>
        <arquillian.wildfly.version>8.1.0.Final</arquillian.wildfly.version>
        <wildfly.version>8.1.0.Final</wildfly.version>
    </properties>
    
    <dependencies>
        <dependency>
            <groupId>org.mongodb.morphia</groupId>
            <artifactId>morphia</artifactId>
            <version>0.108</version>
        </dependency>
        <dependency>
            <groupId>org.mongodb</groupId>
            <artifactId>mongo-java-driver</artifactId>
            <version>2.12.2</version>
        </dependency>

        <dependency>
            <groupId>de.flapdoodle.embed</groupId>
            <artifactId>de.flapdoodle.embed.mongo</artifactId>
            <version>1.46.1</version>
            <scope>test</scope>
        </dependency>
        <dependency>
            <groupId>org.jboss.arquillian.extension</groupId>
            <artifactId>arquillian-jacoco</artifactId>
            <version>1.0.0.Alpha7</version>
            <scope>test</scope>
        </dependency>
        <dependency>
            <groupId>org.jacoco</groupId>
            <artifactId>org.jacoco.core</artifactId>
            <version>0.7.2.201409121644</version>
            <scope>test</scope>
        </dependency>
        <dependency>
            <groupId>javax</groupId>
            <artifactId>javaee-web-api</artifactId>
            <version>7.0</version>
            <scope>provided</scope>
        </dependency>
        <dependency>
            <groupId>junit</groupId>
            <artifactId>junit</artifactId>
            <version>${junit.version}</version>
        </dependency>
        <dependency>
            <groupId>org.jboss.arquillian</groupId>
            <artifactId>arquillian-bom</artifactId>
            <version>${arquillian.version}</version>
            <scope>test</scope>
            <type>pom</type>
        </dependency>
        <dependency>
            <groupId>org.jboss.arquillian.junit</groupId>
            <artifactId>arquillian-junit-container</artifactId>
            <version>1.1.5.Final</version>
            <scope>test</scope>
        </dependency>
        <dependency>
            <groupId>org.wildfly</groupId>
            <artifactId>wildfly-arquillian-container-remote</artifactId>
            <version>${arquillian.wildfly.version}</version>
            <scope>test</scope>
        </dependency>
        <dependency>
            <groupId>org.wildfly</groupId>
            <artifactId>wildfly-embedded</artifactId>
            <version>${arquillian.wildfly.version}</version>
        </dependency>
        <dependency>
            <groupId>org.jboss.shrinkwrap.resolver</groupId>
            <artifactId>shrinkwrap-resolver-depchain</artifactId>
            <type>pom</type>
            <scope>test</scope>
        </dependency>
    </dependencies>

    <dependencyManagement>
        <dependencies>
            <dependency>
                <groupId>org.jboss.shrinkwrap.resolver</groupId>
                <artifactId>shrinkwrap-resolver-bom</artifactId>
                <version>2.2.0-beta-1</version>
                <type>pom</type>
                <scope>import</scope>
            </dependency>
            <dependency>
                <groupId>org.jboss.arquillian</groupId>
                <artifactId>arquillian-bom</artifactId>
                <version>1.1.5.Final</version>
                <scope>import</scope>
                <type>pom</type>
            </dependency>
        </dependencies>
    </dependencyManagement>
    <build>
        <plugins>
            
            <plugin>
                <groupId>org.jacoco</groupId>
                <artifactId>jacoco-maven-plugin</artifactId>
                <version>0.7.2.201409121644</version>
                <executions>
                    <execution>
                        <id>default-prepare-agent</id>
                        <goals>
                            <goal>prepare-agent</goal>
                        </goals>
                    </execution>
                    <execution>
                        <id>default-report</id>
                        <phase>prepare-package</phase>
                        <goals>
                            <goal>report</goal>
                        </goals>
                    </execution>
                    <execution>
                        <id>default-check</id>
                        <goals>
                            <goal>check</goal>
                        </goals>
                        <configuration>
                            <rules>
                                
                            </rules>
                        </configuration>
                    </execution>
                </executions>
            </plugin>
            
            <plugin>
                <groupId>org.apache.maven.plugins</groupId>
                <artifactId>maven-javadoc-plugin</artifactId>
                <version>2.10.1</version>
                <configuration>
                    <links>
                        <link>http://api.mongodb.org/java/2.6/</link>
                    </links>
                </configuration>
            </plugin>
            <plugin>
                <artifactId>maven-surefire-plugin</artifactId>
                <version>2.17</version>
                <configuration>
                    <includes>
                        <include>**/*.class</include>
                    </includes>
                    <excludedGroups></excludedGroups>
                </configuration>

            </plugin>
            <plugin>
                <groupId>org.apache.maven.plugins</groupId>
                <artifactId>maven-compiler-plugin</artifactId>
                <version>3.1</version>
                <configuration>
                    <source>1.7</source>
                    <target>1.7</target>
                    <compilerArguments>
                        <endorseddirs>${endorsed.dir}</endorseddirs>
                    </compilerArguments>
                </configuration>
            </plugin>
            
            <plugin>
                <groupId>org.apache.maven.plugins</groupId>
                <artifactId>maven-war-plugin</artifactId>
                <version>2.3</version>
                <configuration>
                    <failOnMissingWebXml>false</failOnMissingWebXml>
                </configuration>
            </plugin>
            <plugin>
                <groupId>org.apache.maven.plugins</groupId>
                <artifactId>maven-dependency-plugin</artifactId>
                <version>2.6</version>
                <executions>
                    <execution>
                        <phase>validate</phase>
                        <goals>
                            <goal>copy</goal>
                        </goals>
                        <configuration>
                            <outputDirectory>${endorsed.dir}</outputDirectory>
                            <silent>true</silent>
                            <artifactItems>
                                <artifactItem>
                                    <groupId>javax</groupId>
                                    <artifactId>javaee-endorsed-api</artifactId>
                                    <version>7.0</version>
                                    <type>jar</type>
                                </artifactItem>
                            </artifactItems>
                        </configuration>
                    </execution>
                </executions>
            </plugin>
        </plugins>
        <finalName>kb</finalName>
    </build>

    <repositories>
        <repository>
            <id>unknown-jars-temp-repo</id>
            <name>A temporary repository created by NetBeans for libraries and jars it could not identify. Please replace the dependencies in this repository with correct ones and delete this repository.</name>
            <url>file:${project.basedir}/lib</url>
        </repository>
    </repositories>
</project>
